sector,yearly_return
Telecom,69.599048957095
IT,26.724847301301775
Financials,17.88778448443474
Infrastructure,17.253721630196047
Energy,9.172792214514974
Consumer Goods,3.4892054888797266
